where Star Wars was filmed?,where
Where is the Jedi temple located?,where
From where Rebel came?,where
Where was Luke born?,where
"Where can I be a hero in my own ""Star Wars"" story?",where
who want to hear more in-depth analysis,who
Who doesnâ€™t like Star Wars?,who
who bridge the  Star Wars Classic & Prequel trilogy eras.,who
Who love start war covers?,who
Who is star wars character in the movie,who
Why there is a war in A New Hope movie?,why
hy would you waste your time with Revenge of the Sith?,why
why would u think revenge of the sith is the best Star Wars movie?,why
why I can't find anything nice about this film?,why
Why Revenge of the Sith is the best Star Wars movie?,why
